{
  "best_model": "LinearRegression",
  "metrics": {
    "best": {
      "rmse": 2.6160415101581074,
      "mae": 1.926699700292183,
      "r2": 0.9901414689436021
    },
    "LinearRegression": {
      "rmse": 2.6160415101581074,
      "mae": 1.926699700292183,
      "r2": 0.9901414689436021
    },
    "RandomForest": {
      "rmse": 30.330444906868614,
      "mae": 20.655222820787092,
      "r2": -0.32519719774082434
    },
    "SVR": {
      "rmse": 50.306826805428265,
      "mae": 35.227025108496655,
      "r2": -2.6456653089582858
    },
    "Naive": {
      "rmse": 2.5560967539167634,
      "mae": 1.892181174883704,
      "r2": 0.9905387034710187
    }
  }
}